"short_name","long_name","expected_value","definition","occurrence","syntax","preferred_unit"
"abs_air_humidity","absolute air humidity","measurement value","actual mass of water vapor - mh20 - present in the air water vapor mixture","1","{float} {unit} [kg|lb]","kilogram"
"agrochem_addition","history/agrochemical additions","agrochemical name;agrochemical amount;timestamp","addition of fertilizers, pesticides, etc. - amount and time of applications","m","{text};{float} {unit};{timestamp}","gram, mole per liter, milligram per liter"
"air_temp","air temperature","measurement value","temperature of the air at the time of sampling","1","{float} {unit} [deg C]","degree Celsius"
"air_temp_regm","air temperature regimen","temperature value;treatment duration;interval;experimental duration","information about treatment involving an exposure to varying temperatures; should include the temperature, treatment duration, interval and total experimental duration; can include different temperature regimens","m","{float} {unit};{period};{interval};{period}","degree Celsius"
"al_sat","extreme_unusual_properties/Al saturation","measurement value","aluminum saturation (esp. for tropical soils)","1","{float} {unit}","percentage"
"al_sat_meth","extreme_unusual_properties/Al saturation method","PMID,DOI or URL","reference or method used in determining Al saturation","1","{PMID|DOI|URL}",""
"alkalinity","alkalinity","measurement value","alkalinity, the ability of a solution to neutralize acids to the equivalence point of carbonate or bicarbonate","1","{float} {unit}","milliequivalent per liter"
"alkyl_diethers","alkyl diethers","measurement value","concentration of alkyl diethers ","1","{float} {unit}","mole per liter"
"alt","altitude","measurement value","the altitude of the sample is the vertical distance between Earth's surface above sea level and the sampled position in the air","1","{float} m","meter"
"aminopept_act","aminopeptidase activity","measurement value","measurement of aminopeptidase activity","1","{float} {unit}","mole per liter per hour"
"ammonium","ammonium","measurement value","concentration of ammonium","1","{float} {unit}","micromole per liter"
"amniotic_fluid_color","amniotic fluid/color","color","specification of the color of the amniotic fluid sample","1","{text}",""
"annual_season_precpt","mean annual and seasonal precipitation","measurement value","mean annual and seasonal precipitation","1","{float} {unit}","millimeter"
"annual_season_temp","mean annual and seasonal temperature","measurement value","mean annual and seasonal temperature","1","{float} {unit}","degree Celsius"
"antibiotic_regm","antibiotic regimen","antibiotic name;antibiotic amount;treatment duration;interval;experimental duration","information about treatment involving antibiotic administration; should include the name of antibiotic, amount administered, treatment duration, interval and total experimental duration; can include multiple antibiotic regimens","m","{text};{float} {unit};{period};{interval};{period}","milligram"
"atmospheric_data","atmospheric data","atmospheric data name;measurement value","measurement of atmospheric data; can include multiple data","m","{text};{float} {unit}",""
"bac_prod","bacterial production","measurement value","bacterial production in the water column measured by isotope uptake","1","{float} {unit}","milligram per cubic meter per day"
"bac_resp","bacterial respiration","measurement value","measurement of bacterial resporation in the water column","1","{float} {unit}","milligram per cubic meter per day"
"bacteria_carb_prod","bacterial carbon production","measurement value","measurement of bacterial carbon production","1","{float} {unit}","nanogram per hour"
"barometric_press","barometric pressure","measurement value","force per unit area exerted against a surface by the weight of air above that surface","1","{float} {unit}","millibar"
"biochem_oxygen_dem","biochemical oxygen demand","measurement value","a measure of the relative oxygen-depletion effect of a waste contaminant","1","{float} {unit}","milligram per liter"
"biomass","biomass","biomass type;measurement value","amount of biomass; should include the name for the part of biomass measured, e.g. microbial, total. can include multiple measurements","m","{text};{float} {unit}","ton, kilogram, gram"
"birth_control","birth control","medication name","specification of birth control medication used","1","{text}",""
"bishomohopanol","bishomohopanol","measurement value","concentration of bishomohopanol ","1","{float} {unit}","microgram per liter, microgram per gram"
"blood_blood_disord","blood/blood disorder","disorder name","history of blood disorders; can include multiple disorders","m","{text}",""
"bromide","bromide","measurement value","concentration of bromide ","1","{float} {unit}","parts per million"
"build_occup_type","building occupancy type ","enumeration","the primary function for which a building or discrete part of a building is intended to be used","m","[office|market|restaurant|residence|school|residential|commercial|low rise|high rise|wood framed|office|health care|school|airport|sports complex]",""
"building_setting","building setting","enumeration","a location (geography) where a building is set","1","[urban|suburban|exurban|or rural]",""
"calcium","calcium","measurement value","concentration of calcium","1","{float} {unit}","milligram per liter, micromole per liter, parts per million"
"carb_dioxide","carbon dioxide","measurement value","carbon dioxide (gas) amount or concentration at the time of sampling","1","{float} {unit}","micromole per liter"
"carb_monoxide","carbon monoxide","measurement value","carbon monoxide (gas) amount or concentration at the time of sampling","1","{float} {unit}","micromole per liter"
"carb_nitro_ratio","carbon/nitrogen ratio","measurement value","ratio of amount or concentrations of carbon to nitrogen","1","{float} {unit}",""
"chem_administration","chemical administration","CHEBI;timestamp","list of chemical compounds administered to the host or site where sampling occurred, and when (e.g. antibiotics, N fertilizer, air filter); can include multiple compounds. For Chemical Entities of Biological Interest ontology (CHEBI) (v 111), http://purl.bioontology.org/ontology/CHEBI","m","{term}; {timestamp}",""
"chem_mutagen","chemical mutagen","mutagen name;mutagen amount;treatment duration;interval;experimental duration","treatment involving use of mutagens; should include the name of mutagen, amount administered, treatment duration, interval and total experimental duration; can include multiple mutagen regimens","m","{text};{float} {unit};{period};{interval};{period}","milligram per liter"
"chem_oxygen_dem","chemical oxygen demand","measurement value","a measure of the relative oxygen-depletion effect of a waste contaminant","1","{float} {unit}","milligram per liter"
"chloride","chloride","measurement value","concentration of chloride ","1","{float} {unit}","milligram per liter"
"chlorophyll","chlorophyll","measurement value","concentration of chlorophyll","1","{float} {unit}","milligram per cubic meter, microgram per liter"
"climate_environment","climate environment","climate name;treatment duration;interval;experimental duration","treatment involving an exposure to a particular climate; can include multiple climates","m","{text};{period};{interval};{period}",""
"conduc","conductivity","measurement value","electrical conductivity of water","1","{float} {unit}","milliSiemens per centimeter"
"crop_rotation","history/crop rotation","crop rotation status;schedule","whether or not crop is rotated, and if yes, rotation schedule","1","{boolean};Rn/{timestamp}/{period}",""
"cur_land_use","current land use","enumeration","present state of sample site","1","[cities|farmstead|industrial areas|roads/railroads|rock|sand|gravel|mudflats|salt flats|badlands|permanent snow or ice|saline seeps|mines/quarries|oil waste areas|small grains|row crops|vegetable crops|horticultural plants (e.g. tulips)|marshlands (grass,sedges,rushes)|tundra (mosses,lichens)|rangeland|pastureland (grasslands used for livestock grazing)|hayland|meadows (grasses,alfalfa,fescue,bromegrass,timothy)|shrub land (e.g. mesquite,sage-brush,creosote bush,shrub oak,eucalyptus)|successional shrub land (tree saplings,hazels,sumacs,chokecherry,shrub dogwoods,blackberries)|shrub crops (blueberries,nursery ornamentals,filberts)|vine crops (grapes)|conifers (e.g. pine,spruce,fir,cypress)|hardwoods (e.g. oak,hickory,elm,aspen)|intermixed hardwood and conifers|tropical (e.g. mangrove,palms)|rainforest (evergreen forest receiving >406 cm annual rainfall)|swamp (permanent or semi-permanent water body dominated by woody plants)|crop trees (nuts,fruit,christmas trees,nursery trees)]",""
"cur_vegetation","current vegetation","current vegetation type","vegetation classification from one or more standard classification systems, or agricultural crop","1","{text}",""
"cur_vegetation_meth","current vegetation method","PMID,DOI or url","reference or method used in vegetation classification ","1","{PMID|DOI|URL}",""
"density","density","measurement value","density of sample","1","{float} {unit}","gram per cubic meter"
"depth","depth","measurement value","depth is defined as the vertical distance below local surface, e.g. for sediment or soil samples depth is measured from sediment or soil surface, respectivly. Depth can be reported as an interval for subsurface samples","1","{float} m",""
"dermatology_disord","dermatology disorder","disorder name","history of dermatology disorders; can include multiple disorders","m","{text}",""
"dew_point","dew point ","measurement value","the temperature to which a given parcel of humid air must be cooled, at constant barometric pressure, for water vapor to condense into water. ","1","{float} {unit} [deg C]","gram, millimeter"
"diet_last_six_month","major diet change in last six months","diet change;current diet","specification of major diet changes in the last six months, if yes the change should be specified","1","{boolean};{text}",""
"diether_lipids","diether lipids","diether lipid name;measurement value","concentration of diether lipids; can include multiple types of diether lipids","m","{text};{float} {unit}","nanogram per liter"
"diss_carb_dioxide","dissolved carbon dioxide","measurement value","concentration of dissolved carbon dioxide","1","{float} {unit}","micromole per liter"
"diss_hydrogen","dissolved hydrogen","measurement value","concentration of dissolved hydrogen","1","{float} {unit}","micromole per liter"
"diss_inorg_carb","dissolved inorganic carbon","measurement value","dissolved inorganic carbon concentration","1","{float} {unit}","microgram per liter"
"diss_inorg_nitro","dissolved inorganic nitrogen","measurement value","concentration of dissolved inorganic nitrogen ","1","{float} {unit}","microgram per liter"
"diss_inorg_phosp","dissolved inorganic phosphorus","measurement value","concentration of dissolved inorganic phosphorus ","1","{float} {unit}","microgram per liter"
"diss_org_carb","dissolved organic carbon","measurement value","concentration of dissolved organic carbon","1","{float} {unit}","micromole per liter"
"diss_org_nitro","dissolved organic nitrogen","measurement value","dissolved organic nitrogen concentration measured as; total dissolved nitrogen - NH4 - NO3 - NO2","1","{float} {unit}","microgram per liter, milligram per liter"
"diss_oxygen","dissolved oxygen","measurement value","concentration of dissolved oxygen","1","{float} {unit}","micromole per kilogram"
"dominant_hand","dominant hand","enumeration","dominant hand of the subject","1","[left|right|ambidextrous]",""
"douche","douche","timestamp","date of most recent douche","1","{timestamp}",""
"down_par","downward PAR","measurement value","visible waveband radiance and irradiance measurements in the water column","1","{float} {unit}","microEinstein per meter per second"
"drainage_class","drainage classification","enumeration","drainage classification from a standard system such as the USDA system","1","[very poorly|poorly|somewhat poorly|moderately well|well|excessively drained]",""
"drug_usage","drug usage","drug name;frequency","any drug used by subject and the frequency of usage; can include multiple drugs used","m","{text};{integer}/[year|month|week|day|hour]",""
"efficiency_percent","efficiency percent","measurement value","percentage of volatile solids removed from the anaerobic digestor","1","{float} {unit}","micromole per liter"
"elev","elevation","measurement value","the elevation of the sampling site as measured by the vertical distance from mean sea level","1","{float} {unit}","meter"
"emulsions","emulsions","emulsion name;measurement value","amount or concentration of substances such as paints, adhesives, mayonnaise, hair colorants, emulsified oils, etc.; can include multiple emulsion types","m","{text};{float} {unit}","gram per liter"
"extreme_event","history/extreme events","date","unusual physical events that may have affected microbial populations","1","{timestamp}",""
"extreme_salinity","extreme_unusual_properties/salinity","measurement value","measured salinity ","1","{float} {unit}","millisiemens per meter"
"fao_class","soil_taxonomic/FAO classification","enumeration","soil classification from the FAO World Reference Database for Soil Resources. The list can be found at http://www.fao.org/nr/land/sols/soil/wrb-soil-maps/reference-groups","1","{term}",""
"fertilizer_regm","fertilizer regimen","fertilizer name;fertilizer amount;treatment duration;interval;experimental duration","information about treatment involving the use of fertilizers; should include the name fertilizer, amount administered, treatment duration, interval and total experimental duration; can include multiple fertilizer regimens","m","{text};{float} {unit};{period};{interval};{period}","gram, mole per liter, milligram per liter"
"filter_type","filter type","enumeration","a device which removes solid particulates or airborne molecular contaminants","m","[particulate air filter|chemical air filter|low-MERV pleated media|HEPA|electrostatic|gas-phase or ultraviolet air treatments.]",""
"fire","history/fire","date","historical and/or physical evidence of fire","1","{timestamp}",""
"flooding","history/flooding","date","historical and/or physical evidence of flooding","1","{timestamp}",""
"fluor","fluorescence","measurement value","raw or converted fluorescence of water","1","{float} {unit}","milligram chlorophyll a per cubic meter"
"foetal_health_stat","amniotic fluid/foetal health status","health status","specification of foetal health status, should also include abortion","1","{text}",""
"fungicide_regm","fungicide regimen","fungicide name;fungicide amount;treatment duration;interval;experimental duration","information about treatment involving use of fungicides; should include the name of fungicide, amount administered, treatment duration, interval and total experimental duration; can include multiple fungicide regimens","m","{text};{float} {unit};{period};{interval};{period}","gram, mole per liter, milligram per liter"
"gaseous_environment","gaseous environment","gaseous compound name;gaseous compound amount;treatment duration;interval;experimental duration","use of conditions with differing gaseous environments; should include the name of gaseous compound, amount administered, treatment duration, interval and total experimental duration; can include multiple gaseous environment regimens","m","{text};{float} {unit};{period};{interval};{period}","micromole per liter"
"gaseous_substances","gaseous substances","gaseous substance name;measurement value","amount or concentration of substances such as hydrogen sulfide, carbon dioxide, methane, etc.; can include multiple substances","m","{text};{float} {unit}","micromole per liter"
"gastrointest_disord","gastrointestinal tract disorder","disorder name","history of gastrointestinal tract disorders; can include multiple disorders ","m","{text}",""
"gestation_state","amniotic fluid/gestation state","gestation state","specification of the gestation state","1","{text}",""
"glucosidase_act","glucosidase activity","measurement value","measurement of glucosidase activity","1","{float} {unit}","mol per liter per hour"
"gravidity","gravidity","gravidity status;timestamp","whether or not subject is gravid, and if yes date due or date post-conception, specifying which is used","1","{boolean};{timestamp}",""
"gravity","gravity","gravity factor value;treatment duration;interval;experimental duration","information about treatment involving use of gravity factor to study various types of responses in presence, absence or modified levels of gravity; can include multiple treatments","m","{float} {unit};{period};{interval};{period}","meter per square second, g"
"growth_hormone_regm","growth hormone regimen","growth hormone name;growth hormone amount;treatment duration;interval;experimental duration","information about treatment involving use of growth hormones; should include the name of growth hormone, amount administered, treatment duration, interval and total experimental duration; can include multiple growth hormone regimens","m","{text};{float} {unit};{period};{interval};{period}","gram, mole per liter, milligram per liter"
"growth_med","growth media","enumeration","information about growth media for growing the plants or tissue cultured samples","1","[soil|liquid]",""
"gynecologic_disord","gynecological disorder","gynecological disorder","history of gynecological disorders; can include multiple disorders","m","{text}",""
"heat_cool_type","heating and cooling system type","enumeration","methods of conditioning or heating a room or building","m","[radiant system|heat pump|forced air system|steam forced heat|wood stove]",""
"heavy_metals","extreme_unusual_properties/heavy metals","heavy metal name;measurement value","heavy metals present and concentrationsany drug used by subject and the frequency of usage; can include multiple heavy metals and concentrations","m","{text};{float} {unit}","microgram per gram"
"heavy_metals_meth","extreme_unusual_properties/heavy metals method","PMID,DOI or url","reference or method used in determining heavy metals","1","{PMID|DOI|URL}",""
"height_or_length","height or length","measurement value","measurement of height or length","1","{float} {unit}","centimeter"
"herbicide_regm","herbicide regimen","herbicide name;herbicide amount;treatment duration;interval;experimental duration","information about treatment involving use of herbicides; information about treatment involving use of growth hormones; should include the name of herbicide, amount administered, treatment duration, interval and total experimental duration; can include multiple regimens","m","{text};{float} {unit};{period};{interval};{period}","gram, mole per liter, milligram per liter"
"horizon","horizon","enumeration","specific layer in the land area which measures parallel to the soil surface and possesses physical characteristics which differ from the layers above and beneath","1","[O horizon|A horizon|E horizon|B horizon|C horizon|R layer|Permafrost]",""
"horizon_meth","horizon method","PMID,DOI or url","reference or method used in determining the horizon","1","{PMID|DOI|URL}",""
"host_age","host age","value","age of host at the time of sampling; relevant scale depends on species and study, e.g. could be seconds for amoebae or centuries for trees","1","{float} {unit}","year, day, hour"
"host_blood_press_diast","host blood pressure diastolic","measurement value","resting diastolic blood pressure, measured as mm mercury","1","{float} {unit}","millimeter mercury"
"host_blood_press_syst","host blood pressure systolic","measurement value","resting systolic blood pressure, measured as mm mercury","1","{float} {unit}","millimeter mercury"
"host_body_habitat","host body habitat","FMA","original body habitat where the sample was obtained from (oral cavity, gastrointestinal tract etc...). For Foundational Model of Anatomy Ontology (FMA) (v 3.1) terms, please see http://purl.bioontology.org/ontology/FMA","1","{term}",""
"host_body_mass_index","host body-mass index","measurement value","body mass index, calculated as weight/(height)squared","1","{float} {unit}","kilogram per square meter"
"host_body_product","host body product","FMA","substance produced by the body, e.g. stool, mucus, where the sample was obtained from. For Foundational Model of Anatomy Ontology (FMA) (v 3.1) terms, please see http://purl.bioontology.org/ontology/FMA","1","{term}",""
"host_body_site","host body site","FMA","name of body site where the sample was obtained from, such as a specific organ or tissue (tongue, lung etc...). For Foundational Model of Anatomy Ontology (FMA) (v 3.1) terms, please see http://purl.bioontology.org/ontology/FMA","1","{term}",""
"host_body_temp","host body temperature","measurement value","core body temperature of the host when sample was collected","1","{float} {unit}","degree Celsius"
"host_color","host color","color","the color of host","1","{text}",""
"host_common_name","host common name","common name","common name of the host, e.g. human","1","{text}",""
"host_diet","host diet","diet type","type of diet depending on the host, for animals omnivore, herbivore etc., for humans high-fat, meditteranean etc.; can include multiple diet types","m","{text}",""
"host_disease_stat","host disease status","disease name or DO","list of diseases with which the host has been diagnosed; can include multiple diagnoses. the value of the field depends on host; for humans the terms should be chosen from DO (Disease Ontology) at http://www.disease-ontology.org, other hosts are free text","m","{term}",""
"host_dry_mass","host dry mass","measurement value","measurement of dry mass","1","{float} {unit}","kilogram, gram"
"host_family_relationship","host family relationship","relationship type;arbitrary identifier","relationships to other hosts in the same study; can include multiple relationships","m","{text};{text}",""
"host_genotype","host genotype","genotype","observed genotype","1","{text}",""
"host_growth_cond","host growth conditions","PMID,DOI,url or free text","literature reference giving growth conditions of the host","1","{PMID|DOI|URL}",""
"host_height","host height","measurement value","the height of subject","1","{float} {unit}","centimeter, millimeter, meter"
"host_hiv_stat","host HIV status","HIV status;HAART initiation status","HIV status of subject, if yes HAART initiation status should also be indicated as [YES or NO]","1","{boolean};{boolean}",""
"host_infra_specific_name","host infra-specific name","name","taxonomic information about the host below subspecies level","1","{text}",""
"host_infra_specific_rank","host infra-specific rank","rank","taxonomic rank information about the host below subspecies level, such as variety, form, rank etc.","1","{text}",""
"host_last_meal","host last meal","content;time interval","content of last meal and time since feeding; can include multiple values","m","{text};{period}",""
"host_length","host length","measurement value","the length of subject","1","{float} {unit}","centimeter, millimeter, meter"
"host_life_stage","host life stage","stage","description of life stage of host","1","{text}",""
"host_occupation","host occupation","IHMC code","most frequent job performed by subject","1","{integer}",""
"host_phenotype","host phenotype","PATO","phenotype of host. For Phenotypic quality Ontology (PATO) (v 2013-10-28) terms, please see http://purl.bioontology.org/ontology/PATO","1","{term}",""
"host_pulse","host pulse","measurement value","resting pulse, measured as beats per minute","1","{float} {unit}","beats per minute"
"host_sex","host sex","enumeration","physical sex of the host","1","[male|female|neuter|hermaphrodite|not determined]",""
"host_shape","host shape","shape","morphological shape of host ","1","{text}",""
"host_subject_id","host subject id","unique identifier","a unique identifier by which each subject can be referred to, de-identified, e.g. #131","1","{text}",""
"host_substrate","host substrate","substrate name","the growth substrate of the host ","1","{text}",""
"host_taxid","host taxid","NCBI taxon identifier","NCBI taxon id of the host, e.g. 9606","1","{integer}",""
"host_tot_mass","host total mass","measurement value","total mass of the host at collection, the unit depends on host","1","{float} {unit}","kilogram, gram"
"host_wet_mass","host wet mass","measurement value","measurement of wet mass","1","{float} {unit}","kilogram, gram"
"hrt","HRT","timestamp","whether subject had hormone replacement theraphy, and if yes start date","1","{timestamp}",""
"humidity","humidity","measurement value","amount of water vapour in the air, at the time of sampling","1","{float} {unit}","gram per cubic meter"
"humidity_regm","humidity regimen","humidity value;treatment duration;interval;experimental duration","information about treatment involving an exposure to varying degree of humidity; information about treatment involving use of growth hormones; should include amount of humidity administered, treatment duration, interval and total experimental duration; can include multiple regimens","m","{float} {unit};{period};{interval};{period}","gram per cubic meter"
"hysterectomy","hysterectomy","hysterectomy status","specification of whether hysterectomy was performed","1","{boolean}",""
"ihmc_ethnicity","IHMC ethnicity","IHMC code or free text","ethnicity of the subject","1","{integer|text}",""
"ihmc_medication_code","IHMC medication code","IHMC code","can include multiple medication codes","m","{integer}",""
"indoor_space","indoor space ","enumeration","a distinguishable space within a structure, the purpose for which discrete areas of a building is used","1","[bedroom|office|bathroom|foyer|kitchen|locker room|hallway|elevator]",""
"indoor_surf","indoor surface","enumeration","type of indoor surface","1","[counter top|window|wall|cabinet|ceiling|door|shelving|vent cover]",""
"indust_eff_percent","industrial effluent percent","measurement value","percentage of industrial effluents received by wastewater treatment plant","1","{float} {unit}","percentage"
"inorg_particles","inorganic particles","inorganic particle name;measurement value","concentration of particles such as sand, grit, metal particles, ceramics, etc.; can include multiple particles","m","{text};{float} {unit}","mole per liter, milligram per liter"
"kidney_disord","urine/kidney disorder","disorder name","history of kidney disorders; can include multiple disorders","m","{text}",""
"light_intensity","light intensity","measurement value","measurement of light intensity","1","{float} {unit}","lux"
"light_type","light type","enumeration","application of light to achieve some practical or aesthetic effect. Lighting includes the use of both artificial light sources such as lamps and light fixtures, as well as natural illumination by capturing daylight. Can also include absence of light","m","[natural light|electric light|or none]",""
"link_addit_analys","links to additional analysis","PMID,DOI or url","link to additional analysis results performed on the sample","1","{PMID|DOI|URL}",""
"link_class_info","link to classification information","PMID,DOI or url","link to digitized soil maps or other soil classification information","1","{PMID|DOI|URL}",""
"link_climate_info","link to climate information","PMID,DOI or url","link to climate resource","1","{PMID|DOI|URL}",""
"liver_disord","liver disorder","disorder name","history of liver disorders; can include multiple disorders","m","{text}",""
"local_class","soil_taxonomic/local classification","local classification name","soil classification based on local soil classification system","1","{text}",""
"local_class_meth","soil_taxonomic/local classification method","PMID,DOI or url","reference or method used in determining the local soil classification ","1","{PMID|DOI|URL}",""
"magnesium","magnesium","measurement value","concentration of magnesium","1","{float} {unit}","mole per liter, milligram per liter, parts per million"
"maternal_health_stat","amniotic fluid/maternal health status","health status","specification of the maternal health status","1","{text}",""
"mean_frict_vel","mean friction velocity","measurement value","measurement of mean friction velocity","1","{float} {unit}","meter per second"
"mean_peak_frict_vel","mean peak friction velocity","measurement value","measurement of mean peak friction velocity","1","{float} {unit}","meter per second"
"mechanical_damage","mechanical damage","damage type;body site","information about any mechanical damage exerted on the plant; can include multiple damages and sites","m","{text};{text}",""
"medic_hist_perform","medical history performed","true or false","whether full medical history was collected","1","{boolean}",""
"menarche","menarche","timestamp","date of most recent menstruation","1","{timestamp}",""
"menopause","menopause","timestamp","date of onset of menopause","1","{timestamp}",""
"methane","methane","measurement value","methane (gas) amount or concentration at the time of sampling","1","{float} {unit}","micromole per liter"
"microbial_biomass","microbial biomass","measurement value","the part of the organic matter in the soil that constitutes living microorganisms smaller than 5-10 micrometer. If you keep this, you would need to have correction factors used for conversion to the final units","1","{float} {unit}","ton, kilogram, gram per kilogram soil "
"microbial_biomass_meth","microbial biomass method","PMID,DOI or url","reference or method used in determining microbial biomass","1","{PMID|DOI|URL}",""
"mineral_nutr_regm","mineral nutrient regimen","mineral nutrient name;mineral nutrient amount;treatment duration;interval;experimental duration","information about treatment involving the use of mineral supplements; should include the name of mineral nutrient, amount administered, treatment duration, interval and total experimental duration; can include multiple mineral nutrient regimens","m","{text};{float} {unit};{period};{interval};{period}","gram, mole per liter, milligram per liter"
"misc_param","miscellaneous parameter","parameter name;measurement value","any other measurement performed or parameter collected, that is not listed here","m","{text};{float} {unit}",""
"n_alkanes","n-alkanes","n-alkane name;measurement value","concentration of n-alkanes; can include multiple n-alkanes","m","{text};{float} {unit}","micromole per liter"
"nitrate","nitrate","measurement value","concentration of nitrate","1","{float} {unit}","micromole per liter"
"nitrite","nitrite","measurement value","concentration of nitrite","1","{float} {unit}","micromole per liter"
"nitro","nitrogen","measurement value","concentration of nitrogen (total)","1","{float} {unit}","micromole per liter"
"non_mineral_nutr_regm","non-mineral nutrient regimen","non-mineral nutrient name;non-mineral nutrient amount;treatment duration;interval;experimental duration","information about treatment involving the exposure of plant to non-mineral nutrient such as oxygen, hydrogen or carbon; should include the name of non-mineral nutrient, amount administered, treatment duration, interval and total experimental duration; can include multiple non-mineral nutrient regimens","m","{text};{float} {unit};{period};{interval};{period}","gram, mole per liter, milligram per liter"
"nose_mouth_teeth_throat_disord","nose/mouth/teeth/throat disorder","disorder name","history of nose/mouth/teeth/throat disorders; can include multiple disorders","m","{text}",""
"nose_throat_disord","lung/nose-throat disorder","disorder name","history of nose-throat disorders; can include multiple disorders","m","{text}",""
"occup_samp","occupancy at sampling","measurement value","number of occupants present at time of sample within the given space","1","{integer}",""
"occupant_dens_samp","occupant density at sampling","measurement value","average number of occupants at time of sampling per square footage","1","{float}",""
"org_carb","organic carbon","measurement value","concentration of organic carbon","1","{float} {unit}","micromole per liter"
"org_matter","organic matter","measurement value","concentration of organic matter ","1","{float} {unit}","microgram per liter"
"org_nitro","organic nitrogen","measurement value","concentration of organic nitrogen","1","{float} {unit}","microgram per liter"
"org_particles","organic particles","particle name;measurement value","concentration of particles such as faeces, hairs, food, vomit, paper fibers, plant material, humus, etc.","m","{text};{float} {unit}","gram per liter"
"organism_count","organism count","organism name;measurement value","total count of any organism per gram or volume of sample,should include name of organism followed by count; can include multiple organism counts","m","{text};{float} {unit}","number of organism per cubic meter"
"other","other","text","additional relevant information","1","{text}",""
"oxy_stat_samp","oxygenation status of sample","enumeration","oxygenation status of sample","1","[aerobic|anaerobic]",""
"oxygen","oxygen","measurement value","oxygen (gas) amount or concentration at the time of sampling","1","{float} {unit}","milligram per liter, parts per million"
"part_org_carb","particulate organic carbon","measurement value","concentration of particulate organic carbon","1","{float} {unit}","microgram per liter"
"part_org_nitro","particulate organic nitrogen","measurement value","concentration of particulate organic nitrogen","1","{float} {unit}","microgram per liter"
"particle_class","particle classification","particle name;measurement value","particles are classified, based on their size, into six general categories:clay, silt, sand, gravel, cobbles, and boulders; should include amount of particle preceded by the name of the particle type; can include multiple values","m","{text};{float} {unit}","micrometer"
"perturbation","perturbation","perturbation type name;time interval","type of perturbation, e.g. chemical administration, physical disturbance, etc., coupled with time that perturbation occurred; can include multiple perturbation types","m","{text};{interval}",""
"pesticide_regm","pesticide regimen","pesticide name;pesticide amount;treatment duration;interval;experimental duration","information about treatment involving use of insecticides; should include the name of pesticide, amount administered, treatment duration, interval and total experimental duration; can include multiple pesticide regimens","m","{text};{float} {unit};{period};{interval};{period}","gram, mole per liter, milligram per liter"
"pet_farm_animal","presence of pets or farm animals","presence status;type of animal or pet","specification of presence of pets or farm animals in the environment of subject, if yes the animals should be specified; can include multiple animals present","m","{boolean};{text}",""
"petroleum_hydrocarb","petroleum hydrocarbon","measurement value","concentration of petroleum hydrocarbon","1","{float} {unit}","micromole per liter"
"ph","pH","measurement value","pH measurement","1","{float}",""
"ph_meth","pH method","PMID,DOI or url","reference or method used in determining pH","1","{PMID|DOI|URL}",""
"ph_regm","pH regimen","measurement value;treatment duration;interval;experimental duration","information about treatment involving exposure of plants to varying levels of pH of the growth media; can include multiple regimen","m","{float};{period};{interval};{period}",""
"phaeopigments","phaeopigments","phaeopigment name;measurement value","concentration of phaeopigments; can include multiple phaeopigments","m","{text};{float} {unit}","milligram per cubic meter"
"phosphate","phosphate","measurement value","concentration of phosphate","1","{float} {unit}","micromole per liter"
"phosplipid_fatt_acid","phospholipid fatty acid","phospholipid fatty acid name;measurement value","concentration of phospholipid fatty acids; can include multiple values","m","{text};{float} {unit}","mole per gram, mole per liter"
"photon_flux","photon flux","measurement value","measurement of photon flux","1","{float} {unit}","micromole per square meter per second"
"plant_body_site","plant body site","PO","name of body site that the sample was obtained from. For Plant Ontology (PO) (v 20) terms, see http://purl.bioontology.org/ontology/PO","1","{term}",""
"plant_product","plant product","product name","substance produced by the plant, where the sample was obtained from","1","{text}",""
"pollutants","pollutants","pollutant name;measurement value","pollutant types and, amount or concentrations measured at the time of sampling; can report multiple pollutants by entering numeric values preceded by name of pollutant","m","{text};{float} {unit}","gram, mole per liter, milligram per liter"
"pool_dna_extracts","pooling of DNA extracts (if done)","pooling status;measurement value","were multiple DNA extractions mixed? how many?","1","{boolean};{float} {unit}","gram, milliliter, microliter"
"porosity","porosity","measurement value","porosity of deposited sediment is volume of voids divided by the total volume of sample","1","{float} {unit}","percentage"
"potassium","potassium","measurement value","concentration of potassium ","1","{float} {unit}","parts per million"
"pre_treatment","pre-treatment","pre-treatment type","the process of pre-treatment removes materials that can be easily collected from the raw wastewater","1","{text}",""
"pregnancy","pregnancy","timestamp","date due of pregnancy","1","{timestamp}",""
"pressure","pressure","measurement value","pressure to which the sample is subject, in atmospheres","1","{float} {unit}","atmosphere"
"previous_land_use","history/previous land use","land use name;date","previous land use and dates","1","{text};{timestamp}",""
"previous_land_use_meth","history/previous land use method","PMID,DOI or url","reference or method used in determining previous land use and dates","1","{PMID|DOI|URL}",""
"primary_prod","primary production","measurement value","measurement of primary production ","1","{float} {unit}","milligram per cubic meter per day, gram per square meter per day"
"primary_treatment","primary treatment","primary treatment type","the process to produce both a generally homogeneous liquid capable of being treated biologically and a sludge that can be separately treated or processed","1","{text}",""
"profile_position","profile position","enumeration","cross-sectional position in the hillslope where sample was collected.sample area position in relation to surrounding areas","1","[summit|shoulder|backslope|footslope|toeslope]",""
"pulmonary_disord","lung/pulmonary disorder","disorder name","history of pulmonary disorders; can include multiple disorders","m","{text}",""
"radiation_regm","radiation regimen","radiation type name;radiation amount;treatment duration;interval;experimental duration","information about treatment involving exposure of plant or a plant part to a particular radiation regimen; should include the radiation type, amount or intensity administered, treatment duration, interval and total experimental duration; can include multiple radiation regimens","m","{text};{float} {unit};{period};{interval};{period}","becquerel"
"rainfall_regm","rainfall regimen","measurement value;treatment duration;interval;experimental duration","information about treatment involving an exposure to a given amount of rainfall; can include multiple regimens","m","{float} {unit};{period};{interval};{period}","millimeter"
"reactor_type","reactor type","reactor type name","anaerobic digesters can be designed and engineered to operate using a number of different process configurations, as batch or continuous, mesophilic, high solid or low solid, and single stage or multistage","1","{text}",""
"redox_potential","redox potential","measurement value","redox potential, measured relative to a hydrogen cell, indicating oxidation or reduction potential","1","{float} {unit}","millivolt"
"rel_air_humidity","relative air humidity","measurement value","partial vapor and air pressure, density of the vapor and air, or by the actual mass of the vapor and air","1","{float} {unit} [%]","percentage"
"resp_part_matter","respirable particulate matter","particulate matter name;measurement value","concentration of substances that remain suspended in the air, and comprise mixtures of organic and inorganic substances (PM10 and PM2.5); can report multiple PM's by entering numeric values preceded by name of PM","m","{text};{float} {unit}","microgram per cubic meter"
"salinity","salinity","measurement value","salinity measurement","1","{float} {unit}","practical salinity unit, percentage"
"salinity_meth","extreme_unusual_properties/salinity method","PMID,DOI or url","reference or method used in determining salinity","1","{PMID|DOI|URL}",""
"salt_regm","salt regimen","salt name;salt amount;treatment duration;interval;experimental duration","information about treatment involving use of salts as supplement to liquid and soil growth media; should include the name of salt, amount administered, treatment duration, interval and total experimental duration; can include multiple salt regimens","m","{text};{float} {unit};{period};{interval};{period}","gram, microgram, mole per liter, gram per liter"
"samp_salinity","sample salinity","measurement value","salinity of sample, i.e. measure of total salt concentration","1","{float} {unit}","practical salinity unit, percentage"
"samp_sort_meth","sample size sorting method","description of method","method by which samples are sorted","m","open face filter collecting total suspended particles, ""prefilter to remove particles larger than X micrometers in diameter, where common values of X would be 10 and 2.5 full size sorting in a cascade impactor""",""
"samp_store_dur","sample storage duration","time interval","duration for which sample was stored","1","{interval}",""
"samp_store_loc","sample storage location","location name","location at which sample was stored, usually name of a specific freezer/room","1","{text}",""
"samp_store_temp","sample storage temperature","measurement value","temperature at which sample was stored, e.g. -80 degree Celsius","1","{float} {unit}","degree Celsius"
"samp_vol_we_dna_ext","sample volume or weight for DNA extraction","measurement value","volume (mL) or weight (g) of sample processed for DNA extraction","1","{float} {unit}","millliter, gram, milligram"
"season_environment","seasonal environment","seasonal environment name;treatment duration;interval;experimental duration","treatment involving an exposure to a particular season (e.g. winter, summer, rabi, rainy etc.)","m","{text};{period};{interval};{period}",""
"secondary_treatment","secondary treatment","secondary treatment type","the process for substantially degrading the biological content of the sewage ","1","{text}",""
"sediment_type","sediment type","enumeration","information about the sediment type based on major constituents","1","[biogenous|cosmogenous|hydrogenous|lithogenous]",""
"sewage_type","sewage type","sewage type name","type of wastewater treatment plant as municipial or industrial","1","{text}",""
"sexual_act","sexual activity","partner sex;frequency","current sexual partner and frequency of sex","1","{text}",""
"sieving","composite design/sieving (if any)","design name and/or size;amount","collection design of pooled samples and/or sieve size and amount of sample sieved ","1","{{text}|{float} {unit}};{float} {unit}",""
"silicate","silicate","measurement value","concentration of silicate","1","{float} {unit}","micromole per liter"
"slope_aspect","slope aspect","measurement value","the direction a slope faces. While looking down a slope use a compass to record the direction you are facing (direction or degrees); e.g., NW or 315 degrees. This measure provides an indication of sun and wind exposure that will influence soil temperature and evapotranspiration.","1","{float} {unit}","degree"
"slope_gradient","slope gradient","measurement value","commonly called 'slope'. The angle between ground surface and a horizontal line (in percent). This is the direction that overland water would flow. This measure is usually taken with a hand level meter or clinometer","1","{float} {unit}","percentage"
"sludge_retent_time","sludge retention time","measurement value","the time activated sludge remains in reactor","1","{float} {unit}","hours"
"smoker","smoker","smoking status","specification of smoking status","1","{boolean}",""
"sodium","sodium","measurement value","sodium concentration","1","{float} {unit}","parts per million"
"soil_type","soil type","soil type name","soil series name or other lower-level classification","1","{text}",""
"soil_type_meth","soil type method","PMID,DOI or url","reference or method used in determining soil series name or other lower-level classification","1","{PMID|DOI|URL}",""
"solar_irradiance","solar irradiance","measurement value","the amount of solar energy that arrives at a specific area of a surface during a specific time interval","1","{float} {unit}","watts per square meter, ergs per square centimeter per second"
"soluble_inorg_mat","soluble inorganic material","soluble inorganic material name;measurement value","concentration of substances such as ammonia, road-salt, sea-salt, cyanide, hydrogen sulfide, thiocyanates, thiosulfates, etc.","m","{text};{float} {unit}","gram, microgram, mole per liter, gram per liter, parts per million"
"soluble_org_mat","soluble organic material","soluble organic material name;measurement value","concentration of substances such as urea, fruit sugars, soluble proteins, drugs, pharmaceuticals, etc.","m","{text};{float} {unit}","gram, microgram, mole per liter, gram per liter, parts per million"
"soluble_react_phosp","soluble reactive phosphorus","measurement value","concentration of soluble reactive phosphorus","1","{float} {unit}","micromole per liter"
"space_typ_state","space typical state ","enumeration","customary or normal state of the space","1","[typical occupied|typically unoccupied]",""
"special_diet","special diet","enumeration","specification of special diet; can include multiple special diets","m","[low carb|reduced calorie|vegetarian|other(to be specified)]",""
"standing_water_regm","standing water regimen","standing water type;treatment duration;interval;experimental duration","treatment involving an exposure to standing water during a plant's life span, types can be flood water or standing water; can include multiple regimens","m","{text};{period};{interval};{period}",""
"store_cond","storage conditions (fresh/frozen/other)","storage condition type;duration","explain how and for how long the soil sample was stored before DNA extraction.","1","{text};{period}",""
"study_complt_stat","study completion status","YES or NO due to (1)adverse event (2) non-compliance (3) lost to follow up (4)other-specify","specification of study completion status, if no the reason should be specified","1","{boolean};[adverse event|non-compliance|lost to follow up|other-specify]",""
"substructure_type","substructure type ","enumeration","the substructure or under building is that largely hidden section of the building which is built off the foundations to the ground floor level","m","[crawlspace|slab on grade|basement]",""
"sulfate","sulfate","measurement value","concentration of sulfate","1","{float} {unit}","micromole per liter, milligram per liter"
"sulfide","sulfide","measurement value","concentration of sulfide","1","{float} {unit}","micromole per liter, milligram per liter"
"surf_air_cont","surface-air contaminant","enumeration","contaminant identified on surface","m","[dust|organic matter|particulate matter|volatile organic compounds|biological contaminants|radon|nutrients|biocides]",""
"surf_humidity","surface humidity","measurement value","surfaces: water activity as a function of air and material moisture","1","{float} {unit} [%]","percentage"
"surf_material","surface material","enumeration","surface materials at the point of sampling","1","[concrete|wood|stone|tile|plastic|glass|vinyl|metal|carpet|stainless steel|paint|cinder blocks|hay bales|stucco|adobe]",""
"surf_moisture","surface moisture","measurement value","water held on a surface","1","{float} {unit}","parts per million, gram per cubic meter, gram per square meter"
"surf_moisture_ph","surface moisture pH ","measurement value","pH measurement of surface","1","{integer [0-14]}",""
"surf_temp","surface temperature","measurement value","temperature of the surface at the time of sampling","1","{float} {unit} [deg C]","degree Celsius"
"suspend_part_matter","suspended particulate matter","measurement value","concentration of suspended particulate matter","1","{float} {unit}","milligram per liter"
"suspend_solids","suspended solids","suspended solid name;measurement value","concentration of substances including a wide variety of material, such as silt, decaying plant and animal matter, etc,; can include multiple substances","m","{text};{float} {unit}","gram, microgram, mole per liter, gram per liter, part per million"
"temp","temperature","measurement value","temperature of the sample at time of sampling","1","{float} {unit}","degree Celsius"
"tertiary_treatment","tertiary treatment","tertiary treatment type","the process providing a final treatment stage to raise the effluent quality before it is discharged to the receiving environment","1","{text}",""
"texture","texture","measurement value","the relative proportion of different grain sizes of mineral particles in a soil, as described using a standard system; express as % sand (50 um to 2 mm), silt (2 um to 50 um), and clay (<2 um) with textural name (e.g., silty clay loam) optional.","1","{float} {unit}",""
"texture_meth","texture method","PMID,DOI or url","reference or method used in determining soil texture","1","{PMID|DOI|URL}",""
"tidal_stage","tidal stage","enumeration","stage of tide","1","[low|high]",""
"tillage","history/tillage","enumeration","note method(s) used for tilling","m","[drill|cutting disc|ridge till|strip tillage|zonal tillage|chisel|tined|mouldboard|disc plough]",""
"time_last_toothbrush","time since last toothbrushing","timestamp","specification of the time since last toothbrushing","1","{timestamp}",""
"time_since_last_wash","time since last wash","timestamp","specification of the time since last wash","1","{timestamp}",""
"tiss_cult_growth_med","tissue culture growth media","PMID,DOI,url or free text","description of plant tissue culture growth media used","1","{PMID|DOI|URL}",""
"tot_carb","total carbon","measurement value","total carbon content","1","{float} {unit}","microgram per liter"
"tot_depth_water_col","total depth of water column","measurement value","measurement of total depth of water column","1","{float} {unit}","meter"
"tot_diss_nitro","total dissolved nitrogen","measurement value","total dissolved nitrogen concentration, reported as nitrogen, measured by: total dissolved nitrogen = NH4 + NO3NO2 + dissolved organic nitrogen","1","{float} {unit}","microgram per liter"
"tot_inorg_nitro","total inorganic nitrogen","measurement value","total inorganic nitrogen content","1","{float} {unit}","microgram per liter"
"tot_n","total N","measurement value","total nitrogen content of the sample","1","{float} {unit}","gram Nitrogen per kilogram sample material"
"tot_n_meth","total nitrogen method","PMID,DOI or url","reference or method used in determining the total nitrogen","1","{PMID|DOI|URL}",""
"tot_nitro","total nitrogen","measurement value","total nitrogen concentration of water samples, calculated by: total nitrogen = total dissolved nitrogen + particulate nitrogen. Can also be measured without filtering, reported as nitrogen","1","{float} {unit}","microgram per liter, micromole per liter"
"tot_org_c_meth","total organic carbon method","PMID,DOI or url","reference or method used in determining total organic carbon","1","{PMID|DOI|URL}",""
"tot_org_carb","total organic carbon","measurement value","Definition for soil: total organic carbon content of the soil, definition otherwise: total organic carbon content","1","{float} {unit}","gram Carbon per kilogram sample material"
"tot_part_carb","total particulate carbon","measurement value","total particulate carbon content","1","{float} {unit}","microgram per liter, micromole per liter"
"tot_phosp","total phosphorus","measurement value","total phosphorus concentration, calculated by: total phosphorus = total dissolved phosphorus + particulate phosphorus. Can also be measured without filtering, reported as phosphorus","1","{float} {unit}","micromole per liter"
"tot_phosphate","total phosphate","measurement value","total amount or concentration of phosphate","1","{float} {unit}","microgram per liter, micromole per liter"
"travel_out_six_month","travel outside the country in last six months","country name","specification of the countries travelled in the last six months; can include multiple travels","m","{text}",""
"turbidity","turbidity","measurement value","turbidity measurement","1","{float} {unit}","formazin turbidity unit, formazin nephelometric units"
"twin_sibling","twin sibling presence","presence status","specification of twin sibling presence","1","{boolean}",""
"typ_occupant_dens","typical occupant density","measurement value","customary or normal density of occupants","1","{float}",""
"urine_collect_meth","urine/collection method","enumeration","specification of urine collection method","1","[clean catch|catheter]",""
"urogenit_disord","urogenital disorder","disorder name","history of urogenital disorders, can include multiple disorders","m","{text}",""
"urogenit_tract_disor","urine/urogenital tract disorder","disorder name","history of urogenitaltract disorders; can include multiple disorders","m","{text}",""
"ventilation_rate","ventilation rate","measurement value","ventilation rate of the system in the sampled premises","1","{float} {unit}","cubic meter per minute, liters per second"
"ventilation_type","ventilation type","ventilation type name","ventilation system used in the sampled premises","1","{text}",""
"volatile_org_comp","volatile organic compounds","volatile organic compound name;measurement value","concentration of carbon-based chemicals that easily evaporate at room temperature; can report multiple volatile organic compounds by entering numeric values preceded by name of compound","m","{text};{float} {unit}","microgram per cubic meter, parts per million"
"wastewater_type","wastewater type","wastewater type name","the origin of wastewater such as human waste, rainfall, storm drains, etc.","1","{text}",""
"water_content","water content","measurement value","water content measurement","1","{float} {unit}","gram per gram or cubic centimeter per cubic centimeter"
"water_content_soil","water content of soil","measurement value","water content","1","{float} [g/g|cm3/cm3]","gram per gram or cubic centimeter per cubic centimeter"
"water_content_soil_meth","water content method","PMID,DOI or url","reference or method used in determining the water content of soil","1","{PMID|DOI|URL}",""
"water_current","water current","measurement value","measurement of magnitude and direction of flow within a fluid","1","{float} {unit}","cubic meter per second, knots"
"water_temp_regm","water temperature regimen","measurement value;treatment duration;interval;experimental duration","information about treatment involving an exposure to water with varying degree of temperature; can include multiple regimens","m","{float} {unit};{period};{interval};{period}","degree Celsius"
"watering_regm","watering regimen","measurement value;treatment duration;interval;experimental duration","information about treatment involving an exposure to watering frequencies; can include multiple regimens","m","{float} {unit};{period};{interval};{period}","milliliter, liter"
"weight_loss_3_month","weight loss in last three months","weight loss specification;measurement value","specification of weight loss in the last three months, if yes should be further specified to include amount of weight loss","1","{boolean};{float} {unit}","kilogram, gram"
"wind_direction","wind direction","wind direction name","wind direction is the direction from which a wind originates","1","{text}",""
"wind_speed","wind speed","measurement value","speed of wind measured at the time of sampling","1","{float} {unit}","meter per second, kilometer per hour"
